<?xml version="1.0" encoding="utf-8"?>
<Project DefaultTargets="Build" ToolsVersion="15.0" xmlns="http://schemas.microsoft.com/developer/msbuild/2003">
  <ItemGroup Label="ProjectConfigurations">
    <ProjectConfiguration Include="Debug|Win32">
      <Configuration>Debug</Configuration>
      <Platform>Win32</Platform>
    </ProjectConfiguration>
    <ProjectConfiguration Include="Debug|x64">
      <Configuration>Debug</Configuration>
      <Platform>x64</Platform>
    </ProjectConfiguration>
    <ProjectConfiguration Include="Release|Win32">
      <Configuration>Release</Configuration>
      <Platform>Win32</Platform>
    </ProjectConfiguration>
    <ProjectConfiguration Include="Release|x64">
      <Configuration>Release</Configuration>
      <Platform>x64</Platform>
    </ProjectConfiguration>
  </ItemGroup>
  <PropertyGroup Label="Globals">
    <ProjectGuid>{8F1917BB-734A-48CC-85AE-960538F91E46}</ProjectGuid>
    <RootNamespace>Touch</RootNamespace>
    <Keyword>Win32Proj</Keyword>
    <WindowsTargetPlatformVersion>10.0</WindowsTargetPlatformVersion>
    <ProjectName>Touch</ProjectName>
  </PropertyGroup>
  <Import Project="$(VCTargetsPath)\Microsoft.Cpp.Default.props" />
  <PropertyGroup Condition="'$(Configuration)|$(Platform)'=='Release|Win32'" Label="Configuration">
    <ConfigurationType>Application</ConfigurationType>
    <PlatformToolset>v142</PlatformToolset>
  </PropertyGroup>
  <PropertyGroup Condition="'$(Configuration)|$(Platform)'=='Debug|Win32'" Label="Configuration">
    <ConfigurationType>Application</ConfigurationType>
    <PlatformToolset>v142</PlatformToolset>
  </PropertyGroup>
  <PropertyGroup Condition="'$(Configuration)|$(Platform)'=='Release|x64'" Label="Configuration">
    <ConfigurationType>Application</ConfigurationType>
    <PlatformToolset>v142</PlatformToolset>
  </PropertyGroup>
  <PropertyGroup Condition="'$(Configuration)|$(Platform)'=='Debug|x64'" Label="Configuration">
    <ConfigurationType>Application</ConfigurationType>
    <PlatformToolset>v142</PlatformToolset>
  </PropertyGroup>
  <Import Project="$(VCTargetsPath)\Microsoft.Cpp.props" />
  <ImportGroup Label="ExtensionSettings">
  </ImportGroup>
  <ImportGroup Condition="'$(Configuration)|$(Platform)'=='Release|Win32'" Label="PropertySheets">
    <Import Project="$(UserRootDir)\Microsoft.Cpp.$(Platform).user.props" Condition="exists('$(UserRootDir)\Microsoft.Cpp.$(Platform).user.props')" Label="LocalAppDataPlatform" />
  </ImportGroup>
  <ImportGroup Condition="'$(Configuration)|$(Platform)'=='Debug|Win32'" Label="PropertySheets">
    <Import Project="$(UserRootDir)\Microsoft.Cpp.$(Platform).user.props" Condition="exists('$(UserRootDir)\Microsoft.Cpp.$(Platform).user.props')" Label="LocalAppDataPlatform" />
  </ImportGroup>
  <ImportGroup Condition="'$(Configuration)|$(Platform)'=='Release|x64'" Label="PropertySheets">
    <Import Project="$(UserRootDir)\Microsoft.Cpp.$(Platform).user.props" Condition="exists('$(UserRootDir)\Microsoft.Cpp.$(Platform).user.props')" Label="LocalAppDataPlatform" />
  </ImportGroup>
  <ImportGroup Condition="'$(Configuration)|$(Platform)'=='Debug|x64'" Label="PropertySheets">
    <Import Project="$(UserRootDir)\Microsoft.Cpp.$(Platform).user.props" Condition="exists('$(UserRootDir)\Microsoft.Cpp.$(Platform).user.props')" Label="LocalAppDataPlatform" />
  </ImportGroup>
  <PropertyGroup Label="UserMacros" />
  <PropertyGroup>
    <_ProjectFileVersion>15.0.28307.705</_ProjectFileVersion>
  </PropertyGroup>
  <PropertyGroup Condition="'$(Configuration)|$(Platform)'=='Debug|Win32'">
    <OutDir>Debug\</OutDir>
    <IntDir>Debug\</IntDir>
    <LinkIncremental>true</LinkIncremental>
  </PropertyGroup>
  <PropertyGroup Condition="'$(Configuration)|$(Platform)'=='Release|Win32'">
    <OutDir>Release\</OutDir>
    <IntDir>Release\</IntDir>
    <LinkIncremental>true</LinkIncremental>
  </PropertyGroup>
  <PropertyGroup Condition="'$(Configuration)|$(Platform)'=='Release|x64'">
    <OutDir>$(SolutionDir)\$(Configuration)\</OutDir>
    <IntDir>$(SolutionDir)\$(Configuration)\</IntDir>
    <LinkIncremental>true</LinkIncremental>
  </PropertyGroup>
  <ItemDefinitionGroup Condition="'$(Configuration)|$(Platform)'=='Debug|Win32'">
    <ClCompile>
      <Optimization>Disabled</Optimization>
      <PreprocessorDefinitions>WIN32;_DEBUG;_WINDOWS;%(PreprocessorDefinitions)</PreprocessorDefinitions>
      <MinimalRebuild>true</MinimalRebuild>
      <BasicRuntimeChecks>EnableFastChecks</BasicRuntimeChecks>
      <RuntimeLibrary>MultiThreadedDebugDLL</RuntimeLibrary>
      <PrecompiledHeader />
      <WarningLevel>Level3</WarningLevel>
      <DebugInformationFormat>EditAndContinue</DebugInformationFormat>
      <AdditionalIncludeDirectories>C:\OpenHaptics\Developer\3.5.0\utilities\include</AdditionalIncludeDirectories>
    </ClCompile>
    <Link>
      <GenerateDebugInformation>true</GenerateDebugInformation>
      <SubSystem>Windows</SubSystem>
      <TargetMachine>MachineX86</TargetMachine>
      <AdditionalLibraryDirectories>C:\OpenHaptics\Developer\3.5.0\Quickhaptics\lib\Win32\Debug;C:\OpenHaptics\Developer\3.5.0\lib\Win32\Debug;C:\OpenHaptics\Developer\3.5.0\utilities\lib\Win32\Debug</AdditionalLibraryDirectories>
    </Link>
  </ItemDefinitionGroup>
  <ItemDefinitionGroup Condition="'$(Configuration)|$(Platform)'=='Release|Win32'">
    <ClCompile>
      <AdditionalIncludeDirectories>C:\opt\boost\boost_1_54_0;C:\Program Files\SensAble\3DTouch\include;C:\Program Files\SensAble\3DTouch\utilities\include;$(ProjectDir)\include;%(AdditionalIncludeDirectories)</AdditionalIncludeDirectories>
      <PreprocessorDefinitions>WIN32;NDEBUG;_WINDOWS;%(PreprocessorDefinitions)</PreprocessorDefinitions>
      <RuntimeLibrary>MultiThreadedDLL</RuntimeLibrary>
      <PrecompiledHeader />
      <WarningLevel>Level3</WarningLevel>
      <DebugInformationFormat>ProgramDatabase</DebugInformationFormat>
    </ClCompile>
    <Link>
      <AdditionalDependencies>c:\Program Files\SensAble\3DTouch\utilities\lib\x64\Release\glut32.lib;%(AdditionalDependencies)</AdditionalDependencies>
      <GenerateDebugInformation>true</GenerateDebugInformation>
      <SubSystem>Windows</SubSystem>
      <OptimizeReferences>true</OptimizeReferences>
      <EnableCOMDATFolding>true</EnableCOMDATFolding>
      <TargetMachine>MachineX86</TargetMachine>
    </Link>
  </ItemDefinitionGroup>
  <ItemDefinitionGroup Condition="'$(Configuration)|$(Platform)'=='Release|x64'">
    <ClCompile>
      <Optimization>Disabled</Optimization>
      <AdditionalIncludeDirectories>C:\OpenHaptics\Developer\3.5.0\utilities\include;C:\OpenHaptics\Developer\3.5.0\include;$(ProjectDir)\include;%(AdditionalIncludeDirectories)</AdditionalIncludeDirectories>
      <PreprocessorDefinitions>WIN32;WIN64;_DEBUG;_CONSOLE;%(PreprocessorDefinitions)</PreprocessorDefinitions>
      <MinimalRebuild>true</MinimalRebuild>
      <BasicRuntimeChecks>EnableFastChecks</BasicRuntimeChecks>
      <RuntimeLibrary>MultiThreadedDebugDLL</RuntimeLibrary>
    </ClCompile>
    <ProjectReference>
      <LinkLibraryDependencies>true</LinkLibraryDependencies>
    </ProjectReference>
    <Link>
      <AdditionalDependencies>glut32.lib;QH.lib;hd.lib;hdu.lib;QHGLUTWrapper.lib;hl.lib;hlu.lib;OpenGL32.lib;glu32.lib;%(AdditionalDependencies)</AdditionalDependencies>
      <ShowProgress>NotSet</ShowProgress>
      <AdditionalLibraryDirectories>C:\OpenHaptics\Developer\3.5.0\lib\x64\Debug;C:\OpenHaptics\Developer\3.5.0\utilities\lib\x64\Debug;C:\OpenHaptics\Developer\3.5.0\Quickhaptics\lib\x64\Debug;%(AdditionalLibraryDirectories)</AdditionalLibraryDirectories>
      <IgnoreAllDefaultLibraries>false</IgnoreAllDefaultLibraries>
      <TargetMachine>MachineX64</TargetMachine>
    </Link>
  </ItemDefinitionGroup>
  <ItemDefinitionGroup Condition="'$(Configuration)|$(Platform)'=='Debug|x64'">
    <ClCompile>
      <AdditionalIncludeDirectories>C:\OpenHaptics\Developer\3.5.0\include;C:\OpenHaptics\Developer\3.5.0\utilities\include;%(AdditionalIncludeDirectories)</AdditionalIncludeDirectories>
    </ClCompile>
    <Link>
      <AdditionalLibraryDirectories>C:\OpenHaptics\Developer\3.5.0\Quickhaptics\lib\x64\Debug;C:\OpenHaptics\Developer\3.5.0\utilities\lib\x64\Debug;C:\OpenHaptics\Developer\3.5.0\lib\x64\Debug;%(AdditionalLibraryDirectories)</AdditionalLibraryDirectories>
      <AdditionalDependencies>glut32.lib;QH.lib;hd.lib;hdu.lib;QHGLUTWrapper.lib;hl.libhlu.lib;OpenGL32.lib;glu32.lib;%(AdditionalDependencies)</AdditionalDependencies>
    </Link>
  </ItemDefinitionGroup>
  <ItemGroup>
    <ClCompile Include="main.cpp" />
  </ItemGroup>
  <Import Project="$(VCTargetsPath)\Microsoft.Cpp.targets" />
  <ImportGroup Label="ExtensionTargets">
  </ImportGroup>
</Project>